[
    {
        "nombre": "Promotor",
        "apellidos": "Promotorez",
        "email": "promotor@promotor.com",
        "password": "$2y$10$NTxkTqvXFuWD4mEfz1Q7guZjpZZNGZzyERqs.P0UU\/4dxnqw\/XRiO",
        "dni": "22222222B",
        "rol": "promotor"
    },
    {
        "nombre": "Administrador",
        "apellidos": "Administradorez",
        "email": "admin@admin.com",
        "password": "$2y$10$DzPzBaydDFCCrZU5eNjfLexDPBUSEQn1TPyn6OnFJzClq.54IlDOK",
        "dni": "11111111A",
        "rol": "administrador"
    },
    {
        "nombre": "Usuario",
        "apellidos": "Usuariez",
        "email": "usuari@usuario.com",
        "password": "$2y$10$PjdwXisSMvFHBerOL18bAOX9joe5MLcCwk\/mTcSfau7kcr0ImB2yO",
        "dni": "33333333C",
        "rol": "cliente",
        "telefono": "666666666",
        "direccion": "calle de prueba",
        "localidad": "fasdf",
        "cp": "fasfa",
        "tarjeta": "fasfasf",
        "caducidad": "1325-02",
        "ccv": "fsdfa"
    }
]